[
  {
    "id": "voting-1",
    "title": "How to Register to Vote (California)",
    "tags": [
      "voting",
      "registration",
      "california"
    ],
    "summary": "Basics: who can register, when, and where to find your polling place.",
    "long": "In California, you can register to vote if you're a U.S. citizen..."
  },
  {
    "id": "police-1",
    "title": "Your Rights During a Police Stop",
    "tags": [
      "police",
      "rights",
      "safety"
    ],
    "summary": "Short guide: what to say, what to avoid, and when you can refuse a search.",
    "long": "If an officer stops you, stay calm and keep your hands visible..."
  },
  {
    "id": "tenant-1",
    "title": "Basic Tenant Rights: Security Deposits",
    "tags": [
      "tenant",
      "housing",
      "rent"
    ],
    "summary": "What landlords can and can't deduct from a security deposit.",
    "long": "Landlords can usually only deduct for unpaid rent..."
  }
]